Rockford,IL,ME,55000
Indianapolis,IN,CHE,58000
Indianapolis,IN,EE,58000
Clinton,IA ,CHE,63000
,,CHE,61000
,,ME,60000
Decatur,IL,CHE,63100
Clinton,IA,CHE,63000
Lincoln ,NB,EE,61000
Decatur,IL,EE,62500
Addision,TX,CE,45000
Dallas ,TX,CE,45000
Merrillville,IN,ME,54000
Evansville,IN,EE,60800
Dover,NJ,ME,60000
Dover,NJ,ME,60500
Indianapolis,IN,CPE,55000
Indianapolis,IN,CS,63000
Indianapolis,IN,SE,50000
Indianapolis,IN,SE,60000
Indianapolis,IN,ME,64000
Indianapolis,IN,ME,64008
Indianapolis,IN,EE,65000
Chicago,IL,CS,52300
Chicago ,IL ,CS,55000
Chicago ,IL,CS,60000
Seattle ,WA,CS,90000
Seattle ,WA,CS,90000
Seattle ,WA,CS,90000
Seattle ,WA,CS,90000
Seattle ,WA ,CS,90000
Seattle ,WA,CS,90000
Seattle ,WA,CE,52500
Indianapolis,IN,SE,70000
Houston,TX,ME,100000
Indianapolis,IN,CPE,48000
Indianapolis,IN,BE/CS,55000
Indianapolis,IN,CPE,59000
Burns Harbor,IN,CE,56200
Burns Harbor,IN,ME,63900
Burns Harbor,IN,CPE,61900
Conshohoken,PA,EE,64900
Burns Harbor,IL,CHE,63900
Austin,TX,CS,70000
,,ME,61200
Denver,CO,CE,65500
Crown Point,IN,ME,56000
Greenfield,IN,ME,58000
St. Louis,MO,ME,55000
St. Louis,MO,ME,58000
Indianapolis ,IN,CS,63000
Spartenburg,SC,ME,60000
Annapolis-J,MD,SE,73000
Annapolis-J,MD,CS,72000
"Annapolis Junction,",MD,EE,72000
Annapolis,MD,CPE,68000
Milwaukee,WI,CHE/CHEM,63000
Spencer,IN,BE,57500
Houston,TX,ME,82000
Austin ,TX,CS,80000
Mt. Vernon,IN,CHEM,33250
"West Lafayette, ",IN,ME,45760
Louisville,KY,CHE,63480
Houston ,TX,EE,61200
Houston,TX,ME,67500
Peoria,IL,ME,65172
Peoria,IL,ME/EE,65700
Peoria,IL,EE,65700
Peoria,IL,PHY,64000
Bellingham,WA,CHE,62500
Auburn Hills,MI,ME,57200
Trenton,MI,ME,63913
Auburn Hills,MI,ME,63100
columbus,OH,CE,44000
Louisville,KY,CHE,63000
Bloomington,IN,BE/CS,54000
Bloomington,IN,BE,56000
Indianapolis ,IN,EE,60000
Indianapolis,IN,CHE,64200
Indianapolis ,IN,ME,63500
Indianapolis,IN,ME,60000
Indianapolis,IN,ME,60000
Seymour,IN,ME,61000
Seymour,IN,ME,61000
Carmel ,IN,CPE,48000
Westfield,IN,CPE,53000
Decatur,IL,CHE,63000
various,,CHE,68000
,NH,ME,47000
Tyler,TX,ME,75000
Tyler,TX,CHE,80000
,,SE,64000
Kokomo,IN,ME,65100
Kokoma,IN,CPE,67500
Kokomo ,IN,ME/EE,66100
Auburn Hills,MI,SE,65100
Tucson ,AZ,OE,63000
Chicago,IL,ME,72000
Paris,IL,ME,45000
Deer Park,TX,CHE,68904
Freeport,TX,CHE,68904
Freeport,TX,CHE,67560
El Paso,TX,ME,66500
Terre Haute,IN,CHE,75000
Terre Haute,IN,CHE,74000
,,CHE,60000
Michigan City,IN,BE,60000
Indianapolis,IN,SE,72000
Clinton,IN,CHE/BE,68000
Indianapolis,IN,SE,65000
Indianapolis,IN,ME,63000
Indianapolis,IN,CHE,68000
Indianapolis,IN,SE,63000
Indianapolis,IN,ME,63000
Indianapolis,IN,ME,63000
Petaluma,CA,CS,81000
Redmond,WA,SE,82000
Madison,WI,BE,62000
Madison,WI,CS,70000
Madison,WI,SE,90000
Madison,WI,BE,62000
Madison,WI,BE,61000
Gainesville,FL,BE,62000
Bellevue,WA,CS,85000
Baytown,TX,CHE,100300
Baton Rouge,LA,CHE,98000
Houston,TX,ME,94000
Indianapolis,IN,Civil,45780
Southfield,MI,ME,65000
,,ME,65000
Fishers,IN,EE,61000
Dearborn,MI,ME,63780
Dearborn,MI,ME,63780
Dearborn,MI,ME,65500
Dearborn,MI,EE,63780
Dearborn,MI,ME,63800
Indianapolis ,IN,EE,63000
Bakersfield,CA ,CE,67000
Bakersfield,CA ,BE,67000
Frankfort,IN,CHE,60000
Frankfort,IN,ME,60000
Bakersfield,CA ,CE,67000
Westmont,IL,ME,70000
Chicago,IN,ME,70000
Olathe,KS,CS ,67000
Olathe,KS,EE,67500
Louisville,KY,ME,65000
Greenville,SC,ME,64500
rotational,,ME,58500
Charlotte,NC,EE,68000
Louisville ,KY,ME/EE,67100
Indianapolis ,IN,BE,48000
Warren ,MI,OE,63000
Zeeland,MI,CHE,44000
Seattle ,WA,CS,103000
,,CE,48000
Brazil,IN,ME,52000
Brazil,IN,ME,52000
Chicago,IL,CS,105000
Raleigh,NC ,EE,62400
Raleigh,NC,EE,62400
Greensburg,IN,ME,54486
Greensburg,IN,ME,54486
Rocky Mt. ,NC,CHE,60000
Rocky Mt. ,NC,CHE,60000
Sullivan,IL,ME,58000
Chino,CA ,ME,66000
Indianapolis,IN,CPE,69000
Indianapolis ,IN,CPE,70000
Indianapolis,IN,BE,60000
Indianapolis,IN,SE,60000
Charlotte,NC,ME,35000
Indianapolis,IN,ME,60000
Indianapolis,IN,CHE,64000
Indianapolis,IN,ME,60000
Portland ,OR,EE,67000
Indianapolis,IN,SE ,62500
Indianapolis,IN,CS,75000
Texarkana,TX,ME,67000
Texarkana,TX,CHE,67000
Courtland,AL,CHE,67000
Shreveport,LA,CHE,65000
San Mateo,CA ,CS,115000
chicago,IL,CE,48000
Lexington,KY,CPE,68000
Vernon Hills,IL,CE,47500
Robinson ,IL,CHE,83000
Canton,OH,CHE,83000
Robinson ,IL,CHE,83000
Houston ,TX,EE,78000
Colorado Srings,CO,EE,67000
Cincinnati,OH,CE,50500
,,EE,68000
Redmond,WA,SE,102000
Mountain View,CA ,SE,107000
Terre Haute,IN,CHEM,42000
Boston ,MA,OE,67000
Columbus,OH,CE,48500
Columbus,OH,CE,52000
Houston,TX,CHE,60000
Marshall Space Flight Center,AL,CS,45192
Austin,TX,CS,62000
Austin,TX,EE,61000
Austin,TX,ME,60000
Austin,TX,BE,60000
Austin,TX,CPE,60000
Austing,TX,EE,61000
Austin,TX,CPE,60000
Austin,TX,CPE,62000
Austin,TX,BE,60000
Fort Meade,MD,CS,71000
Crane,IN,ME,58500
Crane ,IN,ME,58500
Mooresville,IN,CE,50000
Cincinnati,OH,CPE,64000
Baltimore ,MD,CS,62000
Fort Meade,MD,PHy,56426
Crawforsville,IN,EE,60049
Troy ,MI,OE,65000
Fishers,IN,CS,68000
Indianapolis,IN,CHE,56500
Bloomington,IN,BE,50000
Goodlettsville,TN,CE,47840
St. Louis,MO,CHE,85200
Monticello,IN,ME,45000
Greensboro,NC,EE,70000
Colorado Springs,CO,SE,56000
Cleveland ,OH,SE,56000
Jupiter,FL,ME,68000
Indianapolis,IN,BE,45000
Marion,IN,ME,60000
San Diego,CA ,EE,85000
Tucson,AZ,ME,65800
Fort Wayne,IN,EE,69451
Columbia,MD,BE,74000
Baltimore ,MD,PHY,67584
Columbia,MD,CPE,67500
Tucson ,AZ,EE,67000
New York City,NY,EE,57000
Indianapolis,IN,BE,58000
Cedar Rapids,IA,EE,63000
Indianapolis,IN,ME,64000
Indianapolis,IN,ME,66000
Indianapolis,IN,ME,64600
Indianapolis,IN,ME,64500
Indianapolis,IN,ME,64600
St. Charles,IL,ME,56500
Anderson,IN,EE,60000
Owensboro ,KY,ME,62000
Albuquerque,NM,EE,72800
Prudhoe Bay,AK,CHE,60000
Broussard,LA,CHE,72000
Lafayette,LA,ME,60000
Bloomington,MN,CS,62000
Coldwater,MI,ME,42900
Ellicot City ,MD,CS,90000
Ellicott City ,MD,CS,90000
Indianapolis,IN,CS,60000
Carmel ,IN,SE,60000
Indianapolis,IN,CS,60000
Indianapolis,IN,CS,65000
Orlando,FL,CE,56900
Chicago,IL,CHE,70000
Bowling Green,KY,ME,63000
Indianapolis,IN,SE CS,60000
"San Antonio,",TX,EE,65000
"San Antonio,",TX,ME,62000
Plymouth,MN,ME,63000
Connersville,IN,CHE,60000
Lafayette,IN,CHE,66000
Layfayette,IN,CHE,66000
Layfayette,IN,CHE,66000
Richardson,TX,EE,64008
Dallas ,TX,EE,76000
Palo Alto ,CA ,ME,75000
Dallas,TX,CHE,67008
Dallas,TX,EE,67008
Dallas,TX,EE,67008
Dallas,TX,EE,67000
Dallas,TX,ME,60000
Dallas,TX,EE,67000
Dallas,TX,EE,67000
Dallas ,TX,EE,67000
Phoenix,AZ,EE,67000
Dallas ,TX,CHE,67000
Phoenix,AZ,CPE,67000
Dallas ,TX,EE,67000
Phoenix,AZ,EE,67000
Dallas ,TX,PHY,65800
Dallas ,TX,EE,67000
Princton ,IN,ME,63000
Bremen,IN,ME,55000
Des Plaines,IL,CHE,69000
Chicago,IL,CHE,71000
Des Plaines,IL,CHE/BE,69000
"Washington, D.C.",,BE,67000
Seymour,IN,EE,60000
Semour,IN,EE,60000
San Diego,CA ,CPE,68000
Louisville,KY,CE,54000
Louisville,KY,CE,54000
Lombard,IL,CE,55000
Indianapolis,IN,CE,45006
Indianapolis,IN,CE,53520
Chicago ,IL ,CS,70000
Clinton,IN,CE,59800
Walled Lake,MI,ME,60000
,,SE,60000
Farmington Hills,MI,CS,60000
Brownsburg,IN,ME,53000
Warsaw,IN,BE,58000
Westford ,MA,EE,59000
Westford,MA,EE,59000
Evansville,IN,ME,55000
Crawfordsville,IN,ME,49000
Peoria ,IL,CHE,63000
Decatur,IL,CHE,63000
Evansville,IN,ME,60700
Indianapolis,IN,ME,62000
Seattle,WA,CPE,90000
Seattle,WA,CS,90000
Seattle ,WA,CS,90000
Seatlle,WA,CS,90000
Seattle ,WA,CS,90000
Seatlle,WA,CS,90000
St. Louis,MO,CE,60000
Indianapolis,IN,EE,70000
Houston,TX,ME,94000
Houston,TX,ME,94000
Chattanooga,TN,CE,53000
Steelton,PA,ME,61200
Burns Harbor,IN,ME,61900
Burns Harbor,IN,CPE,60900
Burns Harbor,IN,ME,61200
Peoria,IL,CHE,63000
peoria,IL,CHE,63000
Decatur ,IL,EE,61000
Chicago ,IL,ME,60000
Chicago ,IL,ME,62000
Austin,TX,CPE,62500
various,,ME,61200
,,CHE,61500
various,,ME,61200
Fort Wayne,IN,EE,61000
Fort Wayne ,IN,EE,62000
St. Louis,MO,CPE,58000
St. Louis,MO,ME,55000
Indianapolis,IN,ME,55000
Indianapolis,IN,ME,64000
Indianapolis,IN,CS,75000
Indianapolis ,IN,SE,66000
Neenau,WI,CHE,65000
Charleston ,SC,SE,63000
Charleston ,SC,CS,65000
Charleston ,SC,CS,62500
Indianapolis ,IN,CS,65000
Greenfield,IN,ME,60000
St. Louis,MO,ME,62500
Temecula,CA,CHE,63000
Wauwatosa,WI,CHEM,63000
Spencer,IN,BE,57000
Baltimore ,MD,CE,59000
Hoston ,TX,CHE,78000
Chicago ,IL,EE,65000
Kansas City ,MO,CHE,62000
,IA,CHE,63000
Lafayette,IN,ME,64224
Peoria,IL,ME,63000
peoria,IL,EE,64000
Tuczon ,AZ,ME,64000
Peoria,IL,ME,64224
Indianapolis,IN ,CE,43000
Alexandria,VA,CS,75000
Auburn Hills,MI,ME,60000
Pekin ,IL ,CHE,55000
Bloomington,IN,ME,55200
Bloomington,IN,BE,53400
Bloomington,IN,CHE,55200
Bloomington,IN,BE,59100
Columbus ,IN,EE,64000
Columbus,IN,ME,61000
Columbus ,IN,EE,68000
Columbus ,IN,EE,66000
Columbus ,IN,EE,65000
Columbus,IN,EE,63000
Columbus,IN,ME,61000
Columbus,IN,ME,61000
Columbus,IN,ME,61000
Indianapolis ,IN,CS,62400
Cicero,IL,ME,47500
Muncie,IN,ME,66000
Peoria,IL,ME,52000
Fort Mead ,MD,CS,55600
Hope,IN,ME,50000
Hope,IN,ME,50000
Chicago ,IL,ME,70000
Evansville,MN,ME,48000
Freeport,TX,CHE,66228
Louisville,KY,CHE,67655
"Deer Park, ",TX,CHE,66000
Michigan City ,IN,CHE,60000
Chicago ,IL,SE,72000
Indianapolis,IN,ME,63000
Indianapolis,IN,ME,63000
Indianapolis,IN,BE,63000
Greenwood,IN,BE,55000
"Wheeling, ",IL,ME,57000
Chicago ,IL,SE,75000
Chicago ,IL ,CHE,60000
Champaign,IL,BE,50000
Madison,WI,CHE,60000
Madison,WI,CS,65000
Mooresville,IN,ME,55000
Amherst,NY,ME,65000
Indianapolis ,IN,CS,60000
Morris,IL,ME,65000
Cleveland,OH,CS,70000
Dearborn,MI,EE,62100
Sharonville,OH,ME,63780
Dearborn,MI,EE,64000
Mount Vernon ,IN,CE,35000
Bakersfield ,CA,BE,67000
Louisville,KY,ME,63000
Louisville,KY,ME,63000
Terre Haute,IN,ME,60000
,GA,CS,68000
NA,NA,CHE,60000
Zeeland,MI,ME,53100
Montgomery ,AL,EE,55000
Brazil,IN,ME,52000
Fontanet,IN,ME,33000
Madison,IN,OE,56368
Chicago ,IL,CS,80000
Chicago ,IL,SE,80000
Assumption,IL,ME,62000
Homer City,PA,CE,56400
Muncie,PA,CE,57000
Williston,ND,CHE,56400
Bakersfield ,CA,CHE,56400
Brighton,CO,CHE,56000
Farmington ,NM,CHE,56400
Muncy,PA,CHE,56400
Brighton ,CO ,CHE,56000
Williston,ND,CHE,64500
Cannonsbrug,PA,EE,56500
Carmichaels ,PA,CE,56600
Carmichaels ,PA,CE,56400
Williston,ND,CE,54000
Muscatine,IA,ME,55000
Coon Rapids,MN,EE,60000
Des Plaines,IL,CHE,69000
,NC,BE,60000
,NC,BE,60000
,NC,BE,60000
Indianapolis,IN,ME,57500
Laporte,IN,CE,44512
Chicago ,IL ,CE,52000
Indianapolis,IN,ME,70000
Indianapolis,IN,CS,70000
Indianapolis ,IN,SE,70000
Indianapolis,IN,CS,70000
Indianapolis,IN,CS,70000
Indianapolis,IN,SE,70000
Indianapolis ,IN,CS,75000
Georgetown ,SC,CHE,65000
,,CHE,65000
Valliant,OK,ME,63000
Texarkana ,AR,CHE,67000
Louisville,KY,ME,50000
Fort Wayne,IN,ME,59000
Indianapolis ,IN,CE,50000
Merrillville,IN,ME,54500
Chicago ,IL,CS,60000
Dallas ,TX,CE,55000
Shelbyville ,IN,CE,62500
Shelbyville ,IN,CHE,62500
Kanazawa,Japan,ME,69600
Lexington,KY,CS,75000
Louisville,KY,ME,58000
Dayton,OH,CPE,65000
Dayton,OH,CPE,63000
Catlettsburg,KY,CHE,80000
Indianapolis ,IN,CE,55000
Reston,VA,CS,93000
Reston,VA,CS,95000
Redmond ,WA,CS,95000
Redmond ,WA,CS,95000
Redmond ,WA,CS,95000
Seattle ,WA,CS,95000
Redmond ,WA,CS,95000
Redmond ,WA,CS,95000
Redmond ,WA,SE,95000
Redmond ,WA,CS,95000
Redmond ,WA,SE,102500
Terre Haute,IN,CHEM ,42000
Monroeville,IN,ME,37200
Indianapolis,IN,CE,54000
Indianapolis,IN,CE,47800
South Bend,IN,ME,58000
Mooresville,IN,ME,65000
Greensboro,GA,ME,60000
Fremont,WV,CHE,55000
Terre Haute,IN,EE,70000
Crane,IN,ME,58000
Perrysburg,OH,CHE,58000
Oshkosh,WI,ME,60000
Orlando ,FL,ME,65000
Jupiter,FL,ME,65000
Indianapolis,IN,ME,50000
Dallas ,TX,OE,55368
Columbus,IN,ME,52000
Point Beach,WI,ME,70000
Ipsilanti,MI,ME,68000
Chicago ,IL,CE,53000
Reston,VA,CPE,60008
Mt. Vernon,IN,CHE,53760
Mt. Vernon,IN,CHE,58240
Dallas ,TX,SE,60300
Dallas ,TX,CS,63000
Fort Wayne,IN,SE,60300
Chicago ,IL,SE,71000
Shelbyville ,KY,ME,59000
Indianapolis,IN,ME,55000
,,ME,57996
"Prudoebay, ",AK,ME,68000
Westin,WV,ME,62500
New Iberia,LA,CHE,70000
Bakersfield ,CA,CE,70000
Midland ,TX,CHE,62004
Houston,TX,ME,72000
Midland ,TX,CHE,70000
Carmel,IN,CS,58000
Indianapolis ,IN,CS,58000
Indianapolis ,IN,CS,60000
Carmel,IN,CS,61500
Houston,TX,ME,83000
Orlando ,FL,ME,56000
Cincinatti ,OH,SE,50000
San Diego ,CA,ME,64000
Terre Haute,IN,ME,42000
San ANtonio,TX,ME,62000
Minneapolis,MN,BE,65500
Indianapolis ,IN,EE,58000
Lafayette,IN,CHE,67000
West Lafayette,IN,CHE,66000
Dallas ,TX,EE,67000
Dallas ,TX,EE,67000
Dallas ,TX,EE,67000
Dallas ,TX,CPE,67000
Sturgeon Bay,WI,CHE,58000
San Antonio,TX,ME,64000
Erlanger,KY,ME,60000
Indianapolis,IN,BE,43000
Marshall,IL,ME,54000
,,CHE,69000
Des Plaines,IL,CHE,69000
,,CHE,69000
Des Plaines,IL,CHE,69000
Des Plaines,IL,CHE,69000
Lombard ,IL,CHE,63000
Seymour,IN,OE,65000
Seymour,IN,ME,60000
Bloomington ,IN ,CE,55000
Lafayette,IN,CE,55000
Franklin,WI,ME,58000
Louisville,KY,ME,60000
Cannonsburg,PA,CE,54000
Pittsburgh,PA,CE,57000
,,CS,70000
,,CS,65000
Decatur,IL,CHE,63000
Decatur,IL,CHE,63000
Galesburg,IL,ME,60000
Whitehall,MI,CHE,66000
Morristown ,IN,ME,60000
traveling,,CE,65000
Whitehall,MI,ME,60000
Indianapolis,IN,ME,62000
Akron,OH,CHE,63000
,,SE,87000
Arlington,VA,CPE,67000
Burns Harbor,IN,CE,55900
Gary,IN,CHE,63000
Chicago,IL,CS,60000
Burns Harbor ,IN,EE,67000
,,EE,62200
Burns Harbor,IN,ME,60600
,,SE,60000
Austin,TX,SE,58000
St. Louis,IN,ME,58000
Bloomington,IN,CHE,55000
Pittsburgh,PA,ME,57600
Indianapolis,IN,CPE,62000
Indianapolis,IN,EE,62000
Indianapolis,in,SE,65000
Greenfield,IN,ME,58000
Spencer,IN,BE,52500
Spencer,IN,ME,53788
,,ME,60000
Mt. Vernon,IN,CHE,62000
Hillard,OH,ME,55000
,,EE,56000
Downers Grove,IL,CHE,59600
Peoria,IL,EE,62700
Peoria ,IL,ME,62000
Peoria ,IL,ME,63000
Lafayette,IN,ME,61800
Lafayette,IN,ME,62700
,,EE,52500
,,ME,68000
Auburn Hills,MI,ME,61000
Bloomington,IN,BE,55000
Columbus,IN,EE,70000
Columbus,IN,ME,60000
Columbus,IN,ME,60000
Columbus ,IN,ME,60000
Seymour,IN,ME,60000
Columbus ,IN,ME,60000
Columbus ,IN,ME,60500
Columbus ,IN,ME,65000
Columbus,IN,EE,61000
Columbus,IN,ME,60000
,,ME,70000
Petaluma,CA,SE,81000
Petaluma,CA,SE,81000
Inidianapolis,IN,CS,55500
Kokomo,IN,ME,63000
Freeport,TX,CHE,66000
Midland ,MI,CHE,63000
Chicago,IL,ME,59500
Inidianapolis,IN,CHE,63000
Indianapolis,IN,CHE,63000
Clinton,IN,CHE,60999
Indianapolis,IN,CHE,60999
Inidianapolis,IN,ME,60999
Inidianapolis,IN,CHE,60000
Chicago,IL,SE,75000
Chicago,IL,SE,75000
Chicago,IL,SE,75000
Chicago,IL,SE,75000
Verona,WI,BE,58000
Madison ,WI,BE,60000
Madison,WI,BE,56000
Madison ,WI,BE,62000
,,CHE,63000
Madison ,WI,CS,70000
Madison ,WI,ME,60000
Indianapolis,IN,SE,51000
Baytown,TX,ME,89000
Columbus,IN,ME,60000
Bakersfield,CA,BE,65000
,CA,BE,65000
Frankfort,IN,ME,57500
,,ME,61000
Cincinnati,OH,ME,62250
Evandale,OH,ME,62250
Cincinnati,OH,ME,60000
West Chester,OH,ME,61250
Cincinnati,OH,ME,61250
Oakbrook Terrace,IL,CS,70000
Oakbrook Terrace,IL,SE,70000
Chicago,IL,SE,70000
,,ME,61500
Columbus,OH,MA,54000
Santa Barbara,CA,CS,91000
Montgomery,PA,CE,56000
,,CE,60000
Houston,TX,CHE,62000
Carmichaels ,PA,EE,50400
Kilgore,TX,ME,56400
Carmichaels,PA,ME,50400
Chicago,IL,CHE,60000
,,EE,58800
Phoenix,AZ,CE,50400
Kansas City,KS,EP,62400
Burlington ,VT,EP,65000
Indianapolis,IN,CPE,68000
,,EE,68000
Indianapolis,IN,CS,56520
Houston,TX,CHE,57000
Indianapolis,IN,CS,63000
Springfield,OR,EE,62000
Portland,OR,EE,62500
Texarkana,TX,ME,67000
,,CS,90000
Merrillville,IN,ME,53500
Merrillville,IN,ME,53500
Lexington,KY,CPE,57600
Lexington,KY,CS,68000
Lexington,KY,ME,63000
,NJ,EE,81000
Columbus,IN,CPE,57500
Orlando,FL,ME,51000
,KY,CHE,60000
Dayton,OH,ME,65000
Indianapolis,IN,BE,42240
,,ME,62400
Cincinnati,OH,CE,48500
Phoenix,AZ,EE,57000
Redmond,WA,CPE,93500
,,CS,87000
Petaluma,CA,CS,81000
Redmond,WA,SE,81000
,,EE,66000
Indianapolis,IN,CS,42000
Norfolk,VA,CE,54000
Dayton,OH,EE,54000
Denver ,CO,SE,96000
Houston,TX,BE,58000
Austin,TX,BE,60000
Austin,TX,CS,70000
Austin,TX,ME,58000
Austin,TX,BE,60000
Lyle,IL,EE,65000
Lyle,IL,ME,60000
Lyle,IL,ME,60000
Lyle,IL,ME,62000
Warrenville,IL,ME,60000
Cincinnati,OH,SE,62000
Baltimore,MD,EE,64000
,,EE,53000
,,EE,61038
,,SE,57000
St. Charles,IL,ME,56500
East Greenwich,,EE,62000
Chicago,IL,BE,85000
Indianapolis,IN,CPE,58000
Warsaw,IN,BE,50000
Oshkosh,WI,ME,60000
Oshkosh,WI,ME,61000
Cincinnati,OH,CHEM,48500
Beckett Ridge,OH,ME,64000
Evansville,IN,ME,62000
Warsaw,IN,BE,50000
Cordyn,IN,EE,63000
Columbus,IN,ME,50000
Jupiter,FL,ME,64000
Cleveland,OH,SE,55000
Chicago,IL,SE,65000
Chicago,IL,SE,75000
Fort Wayne,IN,EP,60326
Inidianapolis,IN,SE,59000
Pendleton,IN,ME,60000
Belleville,MI,ME,60000
Cedar Rapids,IA,CPE,66000
Cedar Rapids,IA,CPE,62000
Cedar Rapids,MI,CPE,60000
Cedar Rapids,IA,EE,62000
,,EE,62000
Cedar Rapids,MI,SE,62000
Cedar Rapids,IA,EE,62000
Indianapolis,IN,ME,60000
Inidianapolis,IN,ME,60000
Denver ,CO,EE,70000
Houston,TX,ME,58000
Shreveport,LA,ME,65000
Denver ,CO,ME,70000
Bedford,IN,CPE,63000
Valley Forge,PA,EE,66800
Orlando,FL,ME,56000
SanDiego ,CA,ME,64000
Rochester,NY,CHE,60000
Bloomington,IN,MA,52000
San Antonio,TX,CS,60000
,,EE,61000
Brazil,IN,ME,57500
Dallas,TX,CPE,66500
Dallas,TX,CPE,66000
,,EE,66500
Plano,TX,EE,67008
,,EE,79500
Indianapolis,IN,SE,60000
Warsaw,IN,BE,58000
Georgetown,KY,ME,60000
,,CPE,62000
Lombard,IL,CHE,65000
Chicago,IL,CHE,60000
Seymour,IN,OE,65000
,,EE,62000
Indianapolis,IN,ME,59000
,,SE,50000
Chicago,IL,CPE,54000
Chatanooga ,TN,CHE,63000
Morristown,TN,CHE,62000
Murpheesboro,TN,ME,60000
Dover,NJ,ME,60000
Whitehall,MI,ME,65000
Wichita Falls,TX,ME,60000
LaPorte,IN,ME,60000
Whitehall,MI,ME,65000
Whitehall,MI,CHE,66000
Indianapolis,IN,CS,58000
Frankfort,IN,CHE,63000
Clinton,IA,CHE,63000
Indianapolis,IN,CE,47000
,,CHE,46000
Burleson,TX,ME,61000
,,ME,45000
St. Louis,MO,ME,55000
Cincinnati,OH,ME,48000
Indianapolis,IN,ME,47840
Oshkosh,WI,CHE,63000
,MD,SE,73000
St. Paul,MN,ME,59280
Peoria,IL,ME,61800
Peoria,IL,ME,60132
Research Triangle Park,NC,CPE,63750
Raleigh,NC,CPE,62000
Colorado Springs,CO,CHE,66000
Louisville,KY,CS,62500
Louisville,KY,SE,62000
Houston,TX,CHE,80400
Indianapolis,IN,CHE,62400
Indianapolis,IN,CE,50000
,,CHE,63000
,,CHE,63000
,IN,ME,58500
Columbus,IN,ME,58500
Columbus,IN,ME,58500
Columbus,IN,ME,63000
,,ME,58500
,,CHE,50500
,,ME,66000
Hawesville,KY,CHE,59000
Midland,MI,CHE,66228
Freeport,TX,ME,68000
Michigan City,IN,ME,52200
Denver,CO,CPE,74000
Richland,WA,CPE,57000
Madison,WI,CPE,55000
,,ME,60000
Madison,WI,ME,55000
Indianapolis,in,CS,55000
Indianapolis,IN,ME,45000
Houston,TX,CE,88000
Indianapolis,IN,BE,50000
Martinsville,IN,ME,38000
Chicago,IL,CHE,55800
Bakersfield,CA,BE,65000
Kansas City,KS,CS,58000
Cincinnati,OH,ME,60000
Cincinnati,OH,ME,60000
Cincinnati,OH,ME,60000
,,ME,42900
Indianapolis,IN,CE,47840
Santa Barbara,CA,CPE,85000
Decatur,IL,CE,54000
Carmichaels,PA,CE,50400
Rock Springs,WY,CHE,50400
Hobbs,NM,CHE,50400
Duncan,ok,ME,56800
Grand Junction,CO,ME,50400
Dallas,TX,ME,50000
Indianapolis,IN,CE,48000
,,ME,45000
Phoenix,AZ,CE,54000
Indianapolis,IN,CE,50400
Idaho Falls,ID,MA,54000
Indianapolis,IN,ME,63000
Indianapolis,IN,CS,45000
,,EE,65000
Hudson,MA,CHE,65800
Indianapolis,IN,CS,65000
Indianapolis,IN,CS,65000
Indianapolis,IN,CS,65000
Indianapolis,IN,SE,65000
Indianapolis,IN,SE,65000
Merrillville,IN,ME,53000
Columbus,IN,CE,48000
Skillman,NJ,CHE,65000
Glen??,IL,CHE,61000
Florham Park,NJ,EE,80000
Indianapolis,IN,ME,55000
Sterling,VA,EE,70000
Zeeland,MI,CHE,56000
Indianapolis,IN,CE,48000
Phoenix ,AZ,EE,61000
Redmond,WA,CS,80000
Redmond,WA,CS,80000
,,CHE,71500
,,CHE,71500
,,CHE,71500
,,CHE,71000
,,CHE,55000
,,EE,55000
Farifax,VA,EE,82160
Washington,DC,ME,53992
,,EE,55000
Virginia Beach,VA,MA,55844
Crane,IN,EE,56500
Virginia Beach,VA,EE,55844
Virginia Beach,VA,EE,56844
,,SE,55600
,,EE,58500
Whiting,WI,CHE,64000
"Steven’s Point, ",WI,ME,62000
Salem,IN,CPE,59000
,,CS,59000
Cincinnati,OH,CPE,62500
Orlando,FL,ME,64500
,NJ,OE,72500
Bloomington,IN,CPE,56000
Ft. Meade,MD,EE,56657
,,EE,56657
,,CHE,55500
Toledo,OH,ME,55500
Brazil,IN,CHE,65000
Indianapolis,IN,CE,40000
New Hudson,MI,BE,50000
Indianapolis,IN,CHE,61200
Cincinnati,OH,CHE,68000
Cape Giradeaux,MO,CHE,62500
Indianapolis,IN,ME,59000
Indianapolis,IN,CS,45000
Indianapolis,IN,CE,46280
Tucson,AZ,EE,67000
Tucson,AZ,EE,67000
Baltimore,MD,CE,54100
Cedar Rapids,IA,EE,55000
Cedar Rapids,IA,EE,56000
Cedar Rapids,IA,EE,56500
Cedar Rapids,IA,EE,59000
Cedar Rapids,IA,ME,60000
Cedar Rapids,IA,ME,58000
Cedar Rapids,IA,ME,59000
Indianapolis,IN,ME,60000
Indianapolis,in,ME,60000
Indianapolis,IN,ME,60000
Indianapolis,IN,CE,44000
Chicago,IL,ME,59508
Balikpapan,Indonesia,CHE,57600
Conway,AR,CHE,67000
Carmel,IN,CS,53000
Carmel,IN,CS,53000
Orlando,FL,ME,55825
Carmel,IN,SE,53000
Jupiter,FL,ME,64000
McGregor,TX,ME,66500
McGregor,TX,ME,66500
Houston,TX,ME,60000
Athens,OH,ME,50000
Dallas,TX,CPE,62100
Dallas,TX,EE,62100
Dallas,TX,EE,65040
Dallas,TX,ME,60000
Dallas,TX,ME,65000
Richland,MI,ME,52000
Terre Haute,IN,ME,55000
Danville,IL,ME,63000
Canton,OH,ME,57480
Terre Haute,IN,CHE,63500
Indianapolis,IN,CE,50443
Louisville,KY,AB,24500
Chicago,IL,CHE,66000
Jamestown,KY,CE,44176
Boston,MA,SE,56400
Tampa,FL,ME,45000
,OH,ME,59000
Houston,TX,CHE,64000
Farmington Hills,MI,SE,55000
Cedar Rapids,IA,CHE,63000
Decatur,IL,CHE,63000
Frankfort,IN,ME,59004
Dayton,OH,EE,42000
Merrillville,IN,ME,53000
Indianapolis,IN,BE,65000
Cleveland,OH,ME,57500
Cleveland,OH,ME,58000
Indianapolis,IN,CPE,62000
Indianapolis,in,EE,62000
Northbrook,IL,MA ,52000
Northbrook,IL,MA/ECON,54750
Boulder,CO,SE,55000
Indianapolis,IN,CE,57192
Indianapolis,IN,CS,58000
Indianapolis,IN,SE,56000
Riverdale,IL,ME,59800
Fosteria,OH,CHE,63000
Memphis,TN,CHE,63000
Marshall,MN,CHE,63000
Austin,TX,CPE,59000
Indianapolis,IN,BE,59000
Indianapolis,IN,ME,59000
,,ME,60000
Osh Kosh,WI,CHE,63500
Pittsburgh,PA,EE,59500
Charleston,SC,ME,58800
Greenfield,IN,ME,53000
Carmel,IN,SE,42000
Carmel,IN,SE,42000
Spartanburg,SC,EE,57000
Spencer,IN,BE,55000
St. Paul,MN,CPE,62400
St. Paul,MN,EE,62500
Kansas City,MO,CHE,54500
Kansas City,MO,CHE,56000
Kansas City,MO,CHE,61000
Kansas City,MO,ME,50500
Kansas City,MO,ME,50500
Chicago,IL,ME,63000
Mossville,IL,CPE,61500
Peoria,IL,CPE,65600
Peoria,IL,ME,61500
Houston,TX,ME,74400
Terre Haute,IN,ME,78000
,,che,54000
Crane,IN,OE,53000
Columbus,IN,CPE,59000
Columbus,IN,ME,58500
Columbus,IN,ME,58500
Columbus,IN,ME,58500
Minster,OH,CHE,55000
Houston,TX,ME,58500
Kokomo,IN,CPE,60500
Indianapolis,IN,CHE,60000
Indianapolis,IN,ME,60000
Midland,MI,CHE,62500
,,che,63000
Midland,MI,CHE,67512
,,EE,49000
Edwardsport,IN,EE,59000
,,EE,59130
O'Fallon,IL,EE,60000
,,EE,60000
various,,ME,60000
O'Fallon,IL,ME,60000
,,CHE,55000
Madison,WI,CPE,63000
Madison,WI,CS,60000
Madison,WI,SE,65000
Indianapolis,IN,SE,44000
Houston,TX,ME,63000
Beaumont,TX,EE,92000
Fairfax,VA,CE,87000
Houston,TX,CHE,87000
Houston,TX,CHE,89000
Houston,TX,EE,88000
Fairfax,VA,ME,87000
Houston,TX,ME,88000
Los Angeles,CA,CE,65000
Bakersfield,CA,CPE,65000
Olathe,KS,CPE,58000
Olathe,KS,EE,58000
Terre Haute,IN,CE,48000
Cincinnati,OH,ME,61000
Louisville,KY,ME,59500
Marshall,TX,CHE,60000
Highland Heights,KY,EE,62000
Indianapolis,IN,ME,60000
Knoxville,TN,CE,48000
Buffalo Grove,IL,ME,40000
Pampa,TX,CHE,50000
Odessa,TX,ME,56400
Batesville,IN,BE,52000
Indianapolis,IN,CHE,50086
Chicago,IL,CHE,66000
Chicago,IL,CHE,66000
Westford,MA,SE,68000
,,ME,58000
Lexington ,KY,ME,58000
Indianapolis,IN,CS,65000
Indianapolis,IN,CS,65500
Indianapolis,IN,SE,65000
Pittsburgh,PA,OE,54000
Milford,OH,ME,56160
,NJ,CHE,64500
Baltimore,MD,CE,50100
Vero Beach,FL,CE,50000
Vero Beach,FL,CE,50000
Lexington,KY,CPE,65000
Lexington,KY,ME,60000
Lexington,KY,ME,60000
Warsau,WI,CS,53000
Coopersburg,PA,CPE,62000
,,EE,62000
Findlay,OH,CE,73000
Garyville,LA,CHE,77000
Robinson,IL,CHE,77000
,,EE,68000
Indianapolis,IN,CE,54000
Indianapolis,IN,CE,54000
Norfolk,VA,CE,53500
Walnut Creek,CA,CE,54080
Indianapolis,IN,EE,56500
Austin,TX,CPE,60000
Austin,TX,CPE,62000
Virgina Beach,VA,CPE,54879
Wickliffe,KY,CHE,64000
Pittsburgh,PA,CE,49800
West Terre Haute,IN,CHE,59500
Baltimore,MD,EE,64000
Baltimore,MD,CPE,63000
Woodland Hills,CA,ME,66780
Baltimore,MD,CPE,61200
Cincinnati,OH,SE,63700
Baltimore,MD,CPE,63600
Crane,IN,EE,53012
Crane,IN,ME,48960
Crane,IN,ME,54879
Crane,IN,OE,54875
Virgina Beach,VA,CPE,54500
Virgina Beach,VA,CPE,54800
Virgina Beach,VA,CPE,54000
Waterloo ,IN,CE,44000
,RI,EE,63000
Fishers,IN,CPE,52000
Indianapolis,IN,BE,50000
Jupiter,FL,ME,64000
Jupiter,FL,ME,64000
Jupiter,FL,ME,64000
Avenel,NJ,CHE,64500
Alexandria,LA,EE,63000
Cincinnati,OH,ME,63000
Jupiter,FL,ME,64000
Indianapolis,IN,CPE,57700
Ft. Wayne,IN,CPE,58500
Ft. Wayne,IN,EE,58800
Indianapolis,IN,EE,64000
Ft. Wayne,IN,ME,59800
Tucson,AZ,ME,62000
Woburn,MA,ME,64000
Tucson,AZ,ME,62950
Ft. Wayne,IN,CPE,58500
Indianapolis,IN,ME,59000
Indianapolis,IN,SE,55000
Chicago,IL,CPE,63000
Chicago,IL,ME,60000
Tucson,AZ,EE,69900
Cedar Rapids,IA,EE,59600
Cedar Rapids,IA,CPE,55500
Cedar Rapids,IA,SE,57500
Indianapolis,IN,ME,58500
Indianapolis,IN,ME,58500
Indianapolis,IN,CE,48000
Indianapolis,IN,CE,48000
Shippensburg,PA,BE,55000
Baltimore,MD,EE,57000
Carmel,IN,SE,54500
Orlando,FL,ME,54323
Miami,FL,ME,53575
Orlanda,FL,ME,56575
Houston,TX,ME,58000
Terre Haute,IN,CPE,48000
Carmel,IN,CS,53000
San Diego,CA,ME,64000
San Antonio ,TX,ME,58000
San Antonio ,TX,CPE,60000
San Antonio,TX,EE,58500
San Antonio,TX,MA,58000
,NY,ME,60000
Indianapolis,IN,BE,63500
,,ME,60000
Columbus,IN,CHE,51500
Mahwah,NJ,BE,62000
Athens,OH,EP,50000
San Antonio,TX,CPE,59000
San Antonio,TX,SE,58500
Decatur,IL,CHE,64000
Bloomington,IN,EE,56000
Kansas City,MO,EE,52000
,,EE,60000
Houston,TX,EE,61200
Dallas,TX,EE,65000
Indianapolis,in,CPE,55000
,,ME,57360
Erlanger,KY,ME,54000
various,,ME,55000
Erlanger,KY,ME,55000
Erlanger,KY,ME,55000
Houston,TX,ME,56659
Des Plaines,IL,CHE,66000
Pittsburgh,PA,ME,57600
Houston,TX,ME,62000
Pittsburgh,PA,CE,52000
Michigan City,IN,ME,60000
Pittsburgh ,,ME,63900
Wright Patterson AFB ,OH,ME,43521
Farmington Hills,MI,SE,50000
Cincinnati,OH,CS,63800
Chicago,IL,CS,65000
